SYSTEMS,PART TYPE,PARTS,,
Transmission System,Actuator,4WD Actuator,,
Transmission System,Wires and Cables ,4WD Actuator Cable,,
Transmission System,Connectors,4WD Actuator Connector,,
Transmission System,Levers,4WD Actuator Fork,,
Transmission System,Relays,4WD Actuator Relay,,
Transmission System,Valves,4WD Actuator Valve,,
Transmission System,Wires and Cables,4WD Actuator Wire Harness,,
Transmission System,Housing,4WD Axle Actuator Housing,,
Transmission System,Actuator,4WD Disconnect,,
Transmission System,Solenoid,4WD Hub Locking Solenoid,,
Transmission System,Connectors,4WD Hub Locking Solenoid Connector,,
Transmission System,Hubs,4WD Locking Hub,,
Transmission System,Switches,4WD Switch,,
Transmission System,Connectors,4WD Switch Connector,,
Brake System,ABS,ABS Cable,,
Brake System,ABS,ABS Control Module,,
Brake System,ABS,ABS Repair Kit,,
Brake System,ABS,ABS Wheel Speed Sensor,,
Electrical & Electronics System,Sensors and Senders,Acceleration Sensor ,,
Engine System,Wires and Cables ,Accelerator Cable,,
Air Bag System,Connectors,Air Bag Arming Sensor Connector,,
Air Bag System,Connectors,Air Bag Connector,,
Air Bag System,Connectors,Air Bag Diagnostic Module Connector,,
Air Bag System,Connectors,Air Bag Disable Module Connector,,
Air Bag System,Connectors,Air Bag Inflator Connector,,
Air Bag System,Connectors,Air Bag Instrument Panel Module Connector,,
Air Bag System,Connectors,Air Bag Module Connector,,
Air Bag System,Relays,Air Bag Relay,,
Air Bag System,Springs and Coils,Air Bag Safety Clockspring,,
Air Bag System,Connectors,Air Bag Safety Clockspring Connector,,
Air Bag System,Sensors and Senders,Air Bag Safety Impact Sensor,,
Air Bag System,Control Modules,Air Bag Safety Module,,
Air Bag System,Lights and Bulbs,Air Bag Safety Passenger Air Bag Indicator Lamp,,
Air Bag System,Sensors and Senders,Air Bag Safety Seat Track Position Sensor,,
Air Bag System,Sensors and Senders,Air Bag Safety Sensor,,
Air Bag System,Connectors,Air Bag Sensor Connector,,
Air Bag System,Connectors,Air Bag Side Impact Module Connector,,
Air Intake,"Filters, Oils, Fluids and Other Service Parts",Air Cleaner Assembly,,
Air Intake,Pipes and Hoses,Air Cleaner Intake Hose,,
Suspension System,Compressors,Air Compressor,,
Air Intake,"Filters, Oils, Fluids and Other Service Parts",Air Filter ,,
Air Intake,Housing,Air Filter Housing ,,
Electrical & Electronics System,Sensors and Senders,Air- Fuel Ratio Sensor ,,
Air Intake,Pipes and Hoses,Air Injection Pipe,,
Fuel System,Heaters,Air Intake Heater,,
Suspension System,Connectors,Air Suspension  Compressor Motor Connector,,
Suspension System,Connectors,Air Suspension  Module Connector,,
Suspension System,Connectors,Air Suspension  Sensor Connector,,
Suspension System,Connectors,Air Suspension  Solenoid Connector,,
Suspension System,Connectors,Air Suspension  Switch Connector,,
Suspension System,Compressors,Air Suspension Air Compressor / Drier Vibration Isolator Kit,,
Suspension System,Driers,Air Suspension Air Compressor Drier,,
Suspension System,Switches,Air Suspension Air Compressor Isolator,,
Suspension System,Relays,Air Suspension Air Compressor Relay,,
Suspension System,Coils and Springs,Air Suspension Air Helper Spring Compressor Kit,,
Suspension System,Coils and Springs,Air Suspension Air Helper Spring Kit,,
Suspension System,Coils and Springs,Air Suspension Air Spring,,
Suspension System,Coils and Springs,Air Suspension Air Spring Hardware Kit,,
Suspension System,"Gaskets, Orings and seals",Air Suspension Air Spring Seal Kit,,
Suspension System,Springs and Coils,Air Suspension Air Spring to Coil Spring Conversion Kit ,,
Suspension System,"Gaskets, Orings and seals",Air Suspension O-Ring and Seal Kit,,
Suspension System,Valves,Air Suspension Solenoid Valve Unit,,
Air Conditioning System,Compressors,AIRCON Compressor,,
Air Conditioning System,Condensors ,AIRCON Condenser,,
Suspension System,Bushes,Alignment Camber Bushing,,
Electrical & Electronics System,Relays,All Wheel Drive Control Relay,,
Charging System,Charging alternator Components,Alternator complete,,
Electrical & Electronics System,Sensors and Senders,Ambient Air Temperature Sensor,,
Electrical & Electronics System,Sensors and Senders,Ambient Light Sensor,,
Electrical & Electronics System,Relays,Antenna Relay,,
Brake System,Clips and pins,Anti-Rattle Clip,,
Brake System,Clips and pins,Anti-Rattle Clip Set,,
Electrical & Electronics System,Relays,Anti-Theft Relay ,,
Electrical & Electronics System,Relays,Audio Amplifier Relay ,,
Electrical & Electronics System,Sensors and Senders,Auto Door Lock Position Sensor ,,
Electrical & Electronics System,Relays,Auto Shut Down Relay ,,
Engine System,"Belts, Chains and Pulleys",Automatic Belt Tensioner Assembly,,
Electrical & Electronics System,Relays,Automatic Headlight Control Relay ,,
Electrical & Electronics System,Sensors and Senders,Automatic Headlight Sensor ,,
Electrical & Electronics System,Relays ,Automatic Temperature Control (ATC) Relay Connector,,
Electrical & Electronics System,Switches,Automatic Temperature Control Switch ,,
Electrical & Electronics System,Relays,Auxiliary Battery Relay ,,
Electrical & Electronics System,Relays,Auxiliary Engine Cooling Fan Relay ,,
Engine System,"Gaskets, Orings and seals",Auxiliary Shaft Seal,,
Transmission,"Gaskets, Orings and seals",Axle Differential Seal,,
Transmission,Hubs,Axle Hub,,
Transmission,Hubs,Axle Hub Assembly,,
Transmission,Bearings and accessories,Axle Shaft Bearing Assembly,,
Transmission,"Gaskets, Orings and seals",Axle Shaft Seal,,
Electrical & Electronics System,Switches,Back Up Lamp Switch ,,
Suspension System,"Shafts, Joints and Arms",Ball Joint,,
Suspension System,"Shafts, Joints and Arms",Ball Joint Kit,,
Suspension System,"Bolts, nuts and washers",Ball Joint Nut / Washer,,
Starting System,Battery,Battery ,,
Electrical & Electronics System,Relays,Battery Charge Relay,,
Charging System,"Brackets, Clamps, Mountings and Straps ",Battery Clamp,,
Electrical & Electronics System,Sensors and Senders,Battery Current Sensor,,
Electrical & Electronics System,Switches,Battery Isolation Switch,,
Starting System,Battery,Battery Terminal (+VE),,
Starting System,Battery,Battery Terminal (-VE),,
Starting System,"Brackets, Clamps, Mountings and Straps ",Battery Tray,,
Suspension System,Bearings and accessories,Bearing,,
Tires and Wheels ,Bearings and accessories,Bearing and Hub Assembly,,
Transmission,"Gaskets, Orings and seals",Bearing and Seal Overhaul Kit,,
Engine System,"Bolts, nuts and washers",Belt Tensioner Bolt,,
Brake System,Bleeder Screws and Drain Corks ,Bleeder Screw,,
Electrical & Electronics System,Switches,Blower Control Switch,,
Electrical & Electronics System,Switches,Blower Fan Switch,,
Exhaust System,"Bolts, nuts and washers",Bolt,,
Engine System,"Bolts, nuts and washers",Bolt Washer Set,,
"Doors, Windows, Boots and Bonets",Doors,Bonnet ,,
"Doors, Windows, Boots and Bonets",Coils and Springs,Bonnet Hinge Spring,,
"Doors, Windows, Boots and Bonets","Locks, Latch and Handles",Bonnet Latch Assembly,,
"Doors, Windows, Boots and Bonets",Support,Bonnet Lift Support,,
Electrical & Electronics System,Switches,Bonnet Open Indicator Switch,,
"Doors, Windows, Boots and Bonets","Locks, Latch and Handles",Bonnet Release Handle,,
"Doors, Windows, Boots and Bonets","Locks, Latch and Handles",Bonnet Safety Catch Pull Handle,,
"Doors, Windows, Boots and Bonets",Doors,Boot,,
"Doors, Windows, Boots and Bonets","Locks, Latch and Handles",Boot Handle,,
"Doors, Windows, Boots and Bonets",Bushes,Boot Hinge Bushing,,
"Doors, Windows, Boots and Bonets",Bushes,Boot Hinge Pin & Bushing Kit,,
"Doors, Windows, Boots and Bonets","Locks, Latch and Handles",Boot Latch,,
"Doors, Windows, Boots and Bonets",Support,Boot Lift Support,,
"Doors, Windows, Boots and Bonets","Locks, Latch and Handles",Boot Lock,,
Electrical & Electronics System,Motors,Boot Window Motor,,
Electrical & Electronics System,Relays,Boot Window Relay,,
Brake System,Cylinders,Brake and Clutch Master Cylinder Assembly,,
Electrical & Electronics System,Relays,Brake and Turn Signal Relay,,
Brake System,Bleeder Screws and Drain Corks ,Brake Bleeder,,
Brake System,Power Brake,Brake Booster,,
Brake System,"Gaskets, Orings and seals",Brake Booster Gasket,,
Brake System,Pumps,Brake Booster Hydraulic Motor Pump,,
Brake System,Cylinders,Brake Booster with Brake Master Cylinder,,
Brake System,Bushes,Brake Bushing,,
Brake System,"Brake pads, Discs and calipers",Brake Caliper,,
Brake System,"Brake pads, Discs and calipers",Brake Disc,,
Brake System,Brake Drums and shoes,Brake Drum,,
Brake System,Adjusters,Brake Drum Adjusting Lever,,
Brake System,Adjusters,Brake Drum Adjusting Lever Clip,,
Brake System,Adjusters,Brake Drum Adjusting Lever Return Spring,,
Brake System,Adjusters,Brake Drum Adjusting Override Spring,,
Brake System,Adjusters,Brake Drum Adjusting Pivot Screw Washer,,
Brake System,Adjusters,Brake Drum Adjusting Screw,,
Brake System,Adjusters,Brake Drum Adjusting Screw Assembly,,
Brake System,Adjusters,Brake Drum Adjusting Screw Spring,,
Brake System,Adjusters,Brake Drum Adjusting Spring,,
Brake System,Drums,Brake Drum and  Shoe,,
Brake System,Pipes and Hoses,Brake Drum Brake Hydraulic Hose,,
Brake System,"Filters, Oils, Fluids and Other Service Parts",Brake Fluid,,
Brake System,Adjusters,Brake Hold Down Spring,,
Brake System,Adjusters,Brake Hold Down Spring Kit,,
Brake System,Pipes and Hoses,Brake Hose,,
Brake System,Clips and pins,Brake Hose Clip,,
Brake System,Clips and pins,Brake Hose Lock,,
Brake System,"Bolts, nuts and washers",Brake Hose to Caliper Bolt,,
Brake System,Pipes and Hoses,Brake Hydraulic Hose,,
Brake System,Sensors and Senders,Brake Level Sensor,,
Brake System,Levers,Brake Lever,,
Brake System,"Bolts, nuts and washers",Brake Lever Anchor Nut,,
Brake System,Coils and Springs,Brake Lever Retaining Spring,,
Brake System,Coils and Springs,Brake Lever Return Spring,,
Brake System,Lights and Bulbs,Brake Light,,
Brake System,Lights and Bulbs,Brake Light Bulb,,
Brake System,Connectors,Brake Light Connector,,
Brake System,Relays,Brake Light Relay,,
Brake System,Switches,Brake Light Switch,,
Brake System,Connectors,Brake Light Switch Connector,,
Brake System,Cylinders,Brake Master Cylinder,,
Brake System,Cylinders,Brake Master Cylinder Repair Kit,,
Brake System,Fluid containers,Brake Master Cylinder Reservoir,,
Brake System,"Brake pads, Discs and calipers",Brake Pad,,
Brake System,"Brake pads, Discs and calipers",Brake Pad and Caliper Kit,,
Brake System,"Brake pads, Discs and calipers",Brake Pad Installation Kit,,
Brake System,Bushes,Brake Pedal Bushing,,
Brake System,Sensors and Senders,Brake Pedal Position Sensor,,
Brake System,Sensors and Senders,Brake Pedal Travel Sensor,,
Brake System,Clips and pins,Brake Spring Hold Down Pin,,
Brake System,Clips and pins,Brake Spring Hold Down Pin Clip,,
Brake System,Cylinders,Brake Wheel Cylinder,,
Brake System,"Brackets, Clamps, Mountings and Straps ",Brake Wheel Cylinder Bracket,,
Brake System,Cylinders,Brake Wheel Cylinder Link,,
Brake System,Cylinders,Brake Wheel Cylinder Repair Kit,,
Engine System,Caps,Breather Cap,,
Engine System,"Filters, Oils, Fluids and Other Service Parts",Breather Filter,,
Engine System,"Gaskets, Orings and seals",Breather Gasket,,
Engine System,Pipes and Hoses,Breather Hose,,
Charging System,Charging alternator Components,Brush,,
Charging System,Charging alternator Components,Brush Holder,,
Charging System,Charging alternator Components,Brush Set,,
Charging System,Coils and Springs,Brush Spring,,
Charging System,Charging alternator Components,Bushing,,
Transmission,"Shafts, Joints and Arms",C/V Axle Shaft,,
Transmission,"Shafts, Joints and Arms",C/V Intermediate Shaft,,
Transmission,"Shafts, Joints and Arms",C/V Joint,,
Transmission,Boot Rubber,C/V Joint Boot,,
Transmission,Boot Rubber,C/V Joint Boot Kit,,
Transmission,"Shafts, Joints and Arms",C/V Joint Half Shaft,,
Transmission,"Bolts, nuts and washers",C/V Joint Nut,,
Air Conditioning System,"Filters, Oils, Fluids and Other Service Parts",Cabin Air Filter ,,
Clutch System,Wires and cables,Cable,,
Brake System,"Bolts, nuts and washers",Caliper Bolt,,
Brake System,"Bolts, nuts and washers",Caliper Bolt Kit,,
Brake System,Bushes,Caliper Bushing,,
Brake System,Clips and pins,Caliper Guide Pin Clip Retainer,,
Brake System,Pistons,Caliper Piston,,
Brake System,Boot Rubber,Caliper Piston Boot,,
Brake System,"Gaskets, Orings and seals",Caliper Piston Seal,,
Engine System,Camshafts components,Camshaft,,
Engine System,Bearings and accessories,Camshaft Bearing,,
Engine System,Clips and pins,Camshaft Dowel Pin,,
Engine System,Camshafts components,Camshaft Follower,,
Engine System,Timing Component,Camshaft Follower and Timing Kit,,
Engine System,Camshafts components,Camshaft Follower Guide,,
Engine System,"Gaskets, Orings and seals",Camshaft Gasket,,
Engine System,"Gaskets, Orings and seals",Camshaft Guide O-Ring,,
Engine System,"Gaskets, Orings and seals",Camshaft Housing Gasket,,
Engine System,"Gaskets, Orings and seals",Camshaft Housing Seal,,
Engine System,"Gaskets, Orings and seals",Camshaft O-Ring,,
Electrical & Electronics System,Sensors and Senders,Camshaft Position Sensor,,
Engine System,Sleeves,Camshaft Repair Sleeve,,
Engine System,"Gaskets, Orings and Seals",Camshaft Seal,,
Engine System,"Gaskets, Orings and Seals",Camshaft Seal Kit,,
Charging System,Charging alternator Components,Capacitor,,
Electrical & Electronics System,Lights and Bulbs,Cargo Area Light,,
Electrical & Electronics System,Relays,Cargo Light Relay ,,
Air Intake,Others,Catalytic Converter,,
Electrical & Electronics System,Lights and Bulbs,Center High Mount Stop Light ,,
Electrical & Electronics System,Others,Cigarette Lighter ,,
Electrical & Electronics System,Relays,Cigarette Lighter Relay ,,
Exhaust System,"Brackets, Clamps, Mountings and Straps ",Clamp,,
Exhaust System,"Brackets, Clamps, Mountings and Straps ",Clamp Kit,,
Electrical & Electronics System,Lights and Bulbs,Clock Light ,,
Clutch System,Cylinders,Clutch Cylinder Sleeve,,
Clutch System,Sleeves,Clutch Fork Repair Sleeve,,
Clutch System,"Gaskets, Orings and seals",Clutch Fork Seal,,
Clutch System,Cylinders,Clutch Master and Slave Cylinder Assembly,,
Clutch System,Cylinders,Clutch Master Cylinder,,
Clutch System,Cylinders,Clutch Master Cylinder Repair Kit,,
Air Conditioning System,"Belts, Chains and Pulleys",Clutch Pulley,,
Clutch System,Cylinders,Clutch Slave Cylinder,,
Clutch System,Cylinders,Clutch Slave Cylinder Kit,,
Clutch System,Cylinders,Clutch Slave Cylinder Repair Kit,,
Body,"Locks, Latch and Handles",Coded Door Lock Set,,
Suspension System,Coils and Springs,Coil Spring ,,
Suspension System,Springs and Coils,Coil Spring Insulator,,
Suspension System,"Gaskets, Orings and seals",Coil Spring Seat,,
Fuel System,Relays,Cold Start Relay,,
Charging System,Bearings and accessories,Commutator End Bearing,,
Brake System,Brake Drums and shoes,Complete Kit,,
Air Conditioning System,Bearings and accessories,Compressor Bearing,,
Electrical & Electronics System,Relays,Compressor Relay,,
Electrical & Electronics System,Relays,Concealed Headlight Relay ,,
Air Conditioning System,Fan,Condenser Fan Assembly,,
Air Conditioning System,Motors,Condenser Fan Motor,,
Electrical & Electronics System,Relays,Condenser Fan Motor Relay,,
Engine System,Rods,Connecting Rod,,
Engine System,Bearings and accessories,Connecting Rod Bearing,,
Engine System,Bearings and accessories,Connecting Rod Bearing Set,,
Suspension System,"Shafts, Joints and Arms",Control Arm,,
Suspension System,"Shafts, Joints and Arms",Control Arm and Ball Joint Assembly,,
Suspension System,"Bolts, nuts and washers",Control Arm Bolt,,
Suspension System,Bushes,Control Arm Bushing,,
Suspension System,"Shafts, Joints and Arms",Control Arm Kit,,
Suspension System,"Shafts, Joints and Arms",Control Arm Link,,
Transmission,Levers,Control Lever,,
Transmission,Control Modules,Control Module,,
Cooling System,"Bolts, nuts and washers",Coolant Bleeder Screw,,
Cooling System,Pipes and Hoses,Coolant Bypass Hose,,
Cooling System,Pipes and Hoses,Coolant by-Pass Hose,,
Engine System,"Filters, Oils, Fluids and Other Service Parts",Coolant Filter,,
Cooling System,Pipes and Hoses,Coolant Hose,,
Cooling System,Connectors,Coolant Hose Connector,,
Cooling System,Pipes and Hoses,Coolant Hose Flange,,
Cooling System,Pipes and Hoses,Coolant Pipe,,
Cooling System,"Containers, Tanks and Reservoirs",Coolant Recovery Tank,,
Cooling System,Caps,Coolant Recovery Tank Cap,,
Electrical & Electronics System,Sensors and Senders,Coolant Temperature Sender,,
Electrical & Electronics System,Sensors and Senders,Coolant Temperature Sensor,,
Electrical & Electronics System,Switches,Coolant Temperature Switch,,
Cooling System,Regulators,Coolant Thermostat,,
Engine System,"Gaskets, O-Ring and Seals",Coolant Water Bypass Gasket,,
Engine System,"Gaskets, O-Ring and Seals",Coolant Water Inlet Gasket,,
Cooling System,Others,Coolant Water Outlet,,
Electrical & Electronics System,Sensors and Senders,Cooling Fan Sensor,,
Electrical & Electronics System,Lights and Bulbs,Cornering Light ,,
Fasteners,Clips and pins,Cotter Pin ,,
Clutch System,Bearings and accessories,Countershaft Bearing,,
Transmission,Bearings and accessories,Countershaft Bearing,,
Electrical & Electronics System,Lights and Bulbs,Courtesy Light Bulb ,,
"Doors, Windows, Boots and Bonets","Locks, Latch and Handles",Crank Handle,,
Engine System,"Gaskets, Orings and seals",Crankcase Cover Gasket Set,,
Engine System,Crankshaft,Crankshaft,,
Engine System,Bearings and accessories,Crankshaft Main Bearing,,
Engine System,Bearings and accessories,Crankshaft Main Bearing Set,,
Electrical & Electronics System,Sensors and Senders,Crankshaft Position Sensor,,
Engine System,"Gaskets, Orings and Seals",Crankshaft Seal,,
Engine System,"Gaskets, Orings and Seals",Crankshaft Seal Kit,,
Engine System,"Bolts, nuts and washers",Crankshaft Thrust Washer Set,,
Electrical & Electronics System,Relays,Cutoff Relay,,
Tires and Wheels ,"Gaskets, O-Ring and Seals",CV Joint Half Shaft Seal,,
Engine System,Cylinder Head,Cylinder Head,,
Engine System,"Bolts, nuts and washers",Cylinder Head Bolt,,
Engine System,"Bolts, nuts and washers",Cylinder Head Bolt Set,,
Engine System,Clips and pins,Cylinder Head Dowel Pin,,
Engine System,"Gaskets, Orings and seals",Cylinder Head Gasket,,
Engine System,"Gaskets, Orings and seals",Cylinder Head Gasket Set,,
Engine System,"Gaskets, O-Ring and Seals",Cylinder Head Installation Gasket Set,,
Engine System,Cylinder Head,Cylinder Head Set,,
Engine System,"Gaskets, O-Ring and Seals",Cylinder Head Side Cover Gasket,,
Engine System,Spacers,Cylinder Head Spacer Shim,,
Steering System,Others,Damper,,
Electrical & Electronics System,Relays,Delay Relay,,
Fuel System,Heaters,Diesel Fuel Heating Element ,,
Electrical & Electronics System,Corks ,Diesel Glow Plug ,,
Electrical & Electronics System,Relays,Diesel Glow Plug Relay,,
Electrical & Electronics System,Sensors and Senders,Diesel Glow Plug Sensor,,
Transmission,"Brackets, Clamps, Mountings and Straps ",Differential Axle Bracket,,
Transmission,"Shafts, Joints and Arms",Differential Axle Pinion Race,,
Transmission,Bearings and accessories,Differential Bearing,,
Transmission,"Gaskets, O-Ring and Seals",Differential Bearing and Seal Kit,,
Transmission,"Gaskets, Orings and seals",Differential Carrier Gasket,,
Transmission,Housing,Differential Housing ,,
Transmission,"Gaskets, O-Ring and Seals",Differential Housing Cover Gasket,,
Transmission,Bearings and accessories,Differential Pilot Bearing,,
Transmission,Bearings and accessories,Differential Pinion Bearing Set,,
Transmission,"Gaskets, Orings and Seals",Differential Pinion Seal,,
Transmission,"Gaskets, Orings and seals",Differential Side Cover Seal,,
Electrical & Electronics System,Switches,Dimmer Switch,,
Electrical & Electronics System,Switches,Dimmer Switch ,,
Charging System,Charging alternator Components,Diode,,
Air Intake,Others,Dipstick,,
"Doors, Windows, Boots and Bonets",Hinges,Door Hinge,,
"Doors, Windows, Boots and Bonets",Bushes,Door Hinge Bushing,,
"Doors, Windows, Boots and Bonets","Locks, Latch and Handles",Door Lock Actuator,,
"Doors, Windows, Boots and Bonets",Connectors,Door Lock Actuator Connector,,
"Doors, Windows, Boots and Bonets",Motors,Door Lock Actuator Motor,, 
Electrical & Electronics System,Relays,Door Open Warning Relay,, 
Electrical & Electronics System,Sensors and Senders,Door Open Warning Sensor,, 
Fasteners,Clips and pins,Dowel Pin ,, 
Engine System,Bearings and accessories,Drive  Belt Idler Pulley Bearing,, 
Transmission,"Gaskets, Orings and seals",Drive Axle Seal,, 
Air Conditioning System,"Belts, Chains and Pulleys",Drive Belt,, 
Engine System,"Belts, Chains and Pulleys",Drive Belt,,
Engine System,"Belts, Chains and Pulleys",Drive Belt Idler Assembly,,
Engine System,"Belts, Chains and Pulleys",Drive Belt Idler Bearing,,
Engine System,"Belts, Chains and Pulleys",Drive Belt Idler Pulley,,
Engine System,"Belts, Chains and Pulleys",Drive Belt Idler Pulley Spacer,,
Engine System,"Belts, Chains and Pulleys",Drive Belt Kit,,
Transmission,"Shafts, Joints and Arms",Drive Shaft ,,
Transmission,Bearings and accessories,Drive Shaft Bearing ,,
Transmission,Boot Rubber,Drive Shaft Boot ,,
Transmission,"Shafts, Joints and Arms",Drive Shaft Center Support ,,
Transmission,Bearings and accessories,Drive Shaft Center Support Bearing ,,
Transmission,"Shafts, Joints and Arms",Drive Shaft Coupler ,,
Transmission,"Shafts, Joints and Arms",Drive Shaft CV Joint ,,
Transmission,"Shafts, Joints and Arms",Drive Shaft Flex Joint ,,
Transmission,"Gaskets, Orings and seals",Drive Shaft Seal,,
Transmission,Bearings and accessories,Drive Sprocket Bearing,,
Electrical & Electronics System,Switches,Driver Information Display Switch ,,
Cooling System,Radiator,Dual Radiator and Condenser Fan Assembly ,,
Electrical & Electronics System,Control Module,ELectrical Engine Control Module,,
Electrical & Electronics System,Wires and Cables,Electrical Fan Motor Wiring Harness,,
Charging System,Wires and Cables,Electrical Ground Cable,,
Electrical & Electronics System,Sensors and Senders,Electrical Speedometer Impulse Sender,,
Electrical & Electronics System,Control Module,ELectrical Vehicle Control Module,,
Electrical & Electronics System,Control Module,ELectrical Wiper Control Module,,
Electrical & Electronics System,Control Module,Electronic Spark Control Module ,,
Suspension System,Control Module,Electronic Suspension Control Module ,,
Engine System,"Gaskets, O-Ring and Seals",Engine Block Cover Gasket,,
Engine System,"Bolts, nuts and washers",Engine Mount Bolt,,
Engine System,"Filters, Oils, Fluids and Other Service Parts",Engine Oil ,,
Electrical & Electronics System,Pistons,Engine Piston,,
Air Conditioning System,Evaporator,Evaporator Core,,
Exhaust System,"Gaskets, Orings and seals",Exhaust Gasket,,
Exhaust System,"Bolts, nuts and washers",Exhaust Stud,,
Engine System,Valves,Exhaust Valve,,
Engine System,Valves,Exhaust Valve Kit,,
Air Conditioning System,Fan,Fan,,
Cooling System,Fan,Fan,,
Cooling System,Fan,Fan Assembly,,
Cooling System,Fan,Fan Blade,,
Cooling System,Fan,Fan Clutch,,
Cooling System,Fan,Fan Controller,,
Cooling System,Motors,Fan Motor,,
Exhaust System,Joints,Flange,,
Electrical & Electronics System,Lights and Bulbs,Flasher,,
Transmission,Flywheel,Flywheel,,
Transmission,"Bolts, nuts and washers",Flywheel Bolt,,
Engine System,"Gaskets, Orings and seals",Flywheel Housing Gasket ,,
Electrical & Electronics System,Lights and Bulbs,Fog Light ,,
Electrical & Electronics System,Lights and Bulbs,Fog Light Bulb ,,
Electrical & Electronics System,Relays,Fog Light Relay ,,
Transmission,Levers,Fork,,
Transmission,Levers,Fork Kit,,
Fuel System,Others,Fuel Distributor,,
"Doors, Windows, Boots and Bonets",Wires and Cables,Fuel Door Release Cable,,
Fuel System,"Filters, Oils, Fluids and Other Service Parts",Fuel Filter,,
Fuel System,Pipes and Hoses,Fuel Hose,,
Fuel System,Pumps,Fuel Lift Pump,,
Fuel System,Pipes and Hoses,Fuel Line,,
Fuel System,Pumps,Fuel Pump,,
Fuel System,"Filters, Oils, Fluids and Other Service Parts",Fuel Pump Filter,,
Fuel System,"Brackets, Clamps, Mountings and Straps ",Fuel Pump Hanger Assembly,,
Fuel System,Relays,Fuel Pump Relay,,
Fuel System,Wires and cables,Fuel Pump Wiring Harness,,
Fuel System,"Gaskets, Orings and seals",Fuel Rail O-Ring Kit,,
Fuel System,"Containers, Tanks and Reservoirs",Fuel Tank,,
Fuel System,Pumps,Fuel Tank & Pump Assembly Combination,,
Fuel System,Caps,Fuel Tank Cap,,
Fuel System,"Brackets, Clamps, Mountings and Straps ",Fuel Tank Strap,,
Transmission,"Gaskets, Orings and seals",Gasket Set,,
Steering System,Gears,Gear Box ,,
Electrical & Electronics System,Sensors and Senders,Gear Position Sensor,,
Transmission,Gears,Gearbox Assembly,,
Transmission,Housing,Gearbox Housing,,
Body,Connectors,Glove Box Lamp Connector ,,
Body,Switches,Glove Box Lamp Switch ,,
Body,Lights and Bulbs,Glove Box Light Bulb ,,
Body,"Locks, Latch and Handles",Glove Box Lock ,,
Body,"Locks, Latch and Handles",Glove Box Lock Kit ,,
Body,"Brackets, Clamps, Mountings and Straps ",Glove Box Strap ,,
Suspension System,"Filters, Oils, Fluids and Other Service Parts",Grease,,
Engine System,Others,Harmonic Balancer,,
Electrical & Electronics System,Lights and Bulbs,Hazard Warning and Turn Signal Flasher,,
Electrical & Electronics System,Relays,Hazard Warning Flasher,,
Electrical & Electronics System,Relays,Hazard Warning Relay,,
Electrical & Electronics System,Switches,Hazard Warning Switch,,
Exhaust System,Pipes and Hoses,Header Pipe,,
Fasteners,Lights and Bulbs,HeadLamp Retainer ,,
Electrical & Electronics System,Lights and Bulbs,Headlight ,,
Electrical & Electronics System,Lights and Bulbs,Headlight Assembly,,
Electrical & Electronics System,Lights and Bulbs,Headlight Bulb,,
Electrical & Electronics System,Lights and Bulbs,Headlight Bulb Cap,,
Electrical & Electronics System,Lights and Bulbs,Headlight Bulb Retainer,,
Electrical & Electronics System,Connectors,Headlight Connector,,
Electrical & Electronics System,Relays,Headlight Relay,,
Electrical & Electronics System,Switches,Headlight Switch,,
Exhaust System,Insulators,Heat Shield,,
Electrical & Electronics System,"Locks, Latch and Handles",Heater Control Knob,,
Electrical & Electronics System,Switches,Heater Control Switch,,
Electrical & Electronics System,Fuses,High Voltage Power Fuse Box ,,
"Doors, Windows, Boots and Bonets",Bushes,Hinge Pin & Bushing Kit,,
Electrical & Electronics System,Relays,Horn Relay ,,
Air Conditioning System,Pipes and Hoses,Hose Assembly,,
Fuel System,"Brackets, Clamps, Mountings and Straps ",Hose Clamp,,
Brake System,Hubs,Hub,,
Electrical & Electronics System,Sensors and Senders,Humidity Sensor ,,
Clutch System,Pipes and Hoses,Hydraulic Hose,,
Steering System,"Brackets, Clamps, Mountings and Straps ",Idler Arm Bracket Assembly,,
Steering System,Bushes,Idler Arm Bushing,,
Steering System,Bushes,Idler Arm Bushing Kit,,
Steering System,Pipes and Hoses,Idler Arm Grease Hose Kit,,
Steering System,"Shafts, Joints and Arms",Idler Arm Repair Kit,,
Transmission,Bearings and accessories,Idler Shaft Bearing,,
Transmission,"Gaskets, Orings and seals",Idler Shaft Seal,,
Electrical & Electronics System,Lights and Bulbs,Indicator Light,,
Electrical & Electronics System,Display,Information Display Module ,,
Fuel System,Relays,Injection Pump Relay,,
Fuel System,Control Module,Injector Control Module,,
Fuel System,"Gaskets, Orings and seals",Injector O-Ring,,
Fuel System,Pumps,Injector Pump,,
Fuel System,"Belts, Chains and Pulleys",Injector Pump Belt,,
Fuel System,"Belts, Chains and Pulleys",Injector Pump Drive Gear,,
Fuel System,Pumps,Injector Pump Installation Kit,,
Fuel System,"Gaskets, O-Ring and Seals",injector Pump Mounting Gasket,,
Fuel System,Pumps,Injector Repair Kit,,
Air Intake,"Gaskets, Orings and seals",Inlet Gasket,,
Transmission,Bearings and accessories,Input Shaft Bearing,,
Transmission,"Gaskets, Orings and seals",Input Shaft Seal,,
Transmission,Bearings and accessories,Input Shaft Thrust Bearing,,
Engine System,Manifolds,Intake Manifold,,
Engine System,"Gaskets, O-Ring and Seals",Intake Manifold Cover Gasket,,
Engine System,"Gaskets, Orings and seals",Intake Manifold Gasket,,
Engine System,"Gaskets, Orings and seals",Intake Manifold Gasket Set,,
Engine System,Valves,Intake Valve,,
Engine System,Valves,Intake Valve Kit,,
Cooling System,Others,Intercooler ,,
"Turbocharger, Supercharger and Ram Air",Pipes and Hoses,Intercooler Hose,,
"Doors, Windows, Boots and Bonets","Locks, Latch and Handles",Interior Door Handle,,
"Doors, Windows, Boots and Bonets","Locks, Latch and Handles",Interior Door Handle Assembly,,
"Doors, Windows, Boots and Bonets","Locks, Latch and Handles",Interior Door Pull Handle,,
Electrical & Electronics System,Relays,Interior Light Relay,,
Electrical & Electronics System,Switches,Interior Light Switch,,
Electrical & Electronics System,Sensors and Senders,Interior Temperature Sensor,,
Exhaust System,Pipes and Hoses,Intermediate Pipe,,
Engine System,"Shafts, Joints and Arms",Intermediate Shaft,,
Air Intake,Switches,Keyless Entry Kit ,,
Electrical & Electronics System,Relays,Keyless Entry Relay ,,
Steering System,Bearings and accessories,King Pin Bearing,,
"Doors, Windows, Boots and Bonets","Locks, Latch and Handles",Knob,,
Suspension System,Knuckle,Knuckle,,
Steering System,Bearings and accessories,Knuckle Bearing,,
Suspension System,Bushes,Knuckle Bushing,,
Steering System,Knuckle,Knuckle Race,,
Steering System,"Gaskets, Orings and Seals",Knuckle Seal,,
Steering System,"Bolts, nuts and washers",Knuckle Stud,,
"Doors, Windows, Boots and Bonets","Locks, Latch and Handles",Latch Assembly,,
"Doors, Windows, Boots and Bonets","Locks, Latch and Handles",Latch Release Actuator,,
Suspension System,Coils and Springs,Leaf Helper Spring ,,
Suspension System,Coils and Springs,Leaf Spring ,,
Suspension System,"Bolts, nuts and washers",Leaf Spring Bolt ,,
Suspension System,Bushes,Leaf Spring Bushing ,,
Suspension System,"Bolts, nuts and washers",Leaf Spring Center Bolt ,,
Suspension System,"Brackets, Clamps, Mountings and Straps ",Leaf Spring Hanger ,,
Suspension System,"Bolts, nuts and washers",Leaf Spring Hanger Bolt ,,
Electrical & Electronics System,Sensors and Senders,Level Sensor,,
Electrical & Electronics System,Lights and Bulbs,License Lamp Lense ,,
Electrical & Electronics System,Lights and Bulbs,License Light Bulb ,,
"Doors, Windows, Boots and Bonets",Wires and Cables,Lid Release Cable,,
"Doors, Windows, Boots and Bonets","Locks, Latch and Handles",Liftgate Latch Handle ,,
"Doors, Windows, Boots and Bonets","Locks, Latch and Handles",Liftgate Lock Actuator ,,
"Doors, Windows, Boots and Bonets",Wires and Cables,Liftgate Release Cable,,
Electrical & Electronics System,Control Module,Lighting Control Module ,,
Steering System,"Shafts, Joints and Arms",Linkage Assembly,,
"Doors, Windows, Boots and Bonets","Locks, Latch and Handles",Lock,,
Electrical & Electronics System,Relays,Low Fuel Warning Relay ,,
Transmission,Bearings and accessories,Low Gear Roller Bearing,,
Engine System,"Gaskets, Orings and seals",Main Bearing Gasket Set,,
Engine System,Bearings and accessories,Main Bearing Repair Sleeve,,
Engine System,Bearings and accessories,Main Bearing Shim Set,,
Electrical & Electronics System,Relays,Main Relay ,,
Transmission,Bearings and accessories,Main Shaft Bearing,,
Transmission,"Gaskets, O-Ring and Seals",Main Shaft Extension Seal,,
Transmission,"Gaskets, Orings and seals",Main Shaft Seal,,
Transmission,Bearings and accessories,Main Shaft Thrust Bearing,,
Transmission,"Gaskets, O-Ring and Seals",Main Shaft Thrust Seal,,
Engine System,"Gaskets, O-Ring and Seals",Major Overhaul  Kit,,
Exhaust System,Manifolds,Manifold,,
Exhaust System,"Gaskets, Orings and seals",Manifold Flange Gasket,,
Engine System,"Gaskets, Orings and seals",Manifold Gasket,,
Engine System,"Gaskets, Orings and seals",Manifold Gasket Set,,
Exhaust System,"Bolts, nuts and washers",Manifold Stud and Nut,,
Air Intake,Connectors,Mass Air Flow Connector ,,
Electrical & Electronics System,Sensors and Senders,Mass Air Flow Sensor ,,
Air Intake,Connectors,Mass Air Flow Sensor Connector ,,
Electrical & Electronics System,Sensors and Senders,Mass Air Flow Sensor Relay ,,
Fuel System,Pumps,Mechanical Fuel Pump ,,
Electrical & Electronics System,Sensors and Senders,Memory Seat Position Sensor ,,
"Doors, Windows, Boots and Bonets",Mirrors,Mirror,,
"Doors, Windows, Boots and Bonets","Brackets, Clamps, Mountings and Straps ",Mirror Bracket,,
"Doors, Windows, Boots and Bonets",Connectors,Mirror Connector,,
"Doors, Windows, Boots and Bonets",Connectors,Mirror Control Connector,,
"Doors, Windows, Boots and Bonets",Mirrors,Mirror Cover,,
"Doors, Windows, Boots and Bonets",Mirrors,Mirror Glass,,
"Doors, Windows, Boots and Bonets",Relays,Mirror Relay,,
"Doors, Windows, Boots and Bonets",Switches,Mirror Switch,,
Engine System,"Brackets, Clamps, Mountings and Straps ",Mount,,
Engine System,"Brackets, Clamps, Mountings and Straps ",Mount Bracket,,
Engine System,Bushes,Mount Bushing,,
Exhaust System,Muffler Components,Muffler Assembly,,
Exhaust System,Muffler Components,Muffler Gasket,,
Exhaust System,Muffler Components,Muffler Gasket Set,,
Exhaust System,Muffler Components,Muffler Hanger,,
Exhaust System,Muffler Components,Muffler Mount,,
Exhaust System,Muffler Components,Muffler Strap,,
Fasteners,"Gaskets, Orings and seals",Multi Purpose Seal Ring ,,
Electrical & Electronics System,Switches,Neutral Safety Switch ,,
Fuel System,Others,Nozzle Holder,,
Fuel System,"Gaskets, Orings and seals",Nozzle O-Ring,,
Electrical & Electronics System,Others,OE Replacement Horn Kit ,,
Cooling System,Others,Oil Cooler,,
Cooling System,Radiator,Oil Cooler,,
Cooling System,"Gaskets, Orings and seals",Oil Cooler Gasket,,
Cooling System,Pipes and Hoses,Oil Cooler Hose,,
Cooling System,Connectors,Oil Cooler Line Connector,,
Air Intake,"Gaskets, Orings and seals",Oil Cooler Seal,,
Engine System,"Gaskets, Orings and seals",Oil Cooler Seal,,
Electrical & Electronics System,Others,Oil Dipstick,,
Engine System,Others,Oil Dipstick Tube Funnel,,
Engine System,"Gaskets, O-Ring and Seals",Oil Dipstick Tube Seal,,
Engine System,Corks ,Oil Drain Plug,,
Transmission,Corks ,Oil Drain Plug,,
Engine System,"Gaskets, O-Ring and Seals",Oil Drain Plug Gasket,,
Engine System,Caps,Oil Filler Cap,,
Engine System,"Gaskets, O-Ring and Seals",Oil Filler Cap Gasket,,
Brake System,"Filters, Oils, Fluids and Other Service Parts",Oil Filter,,
Engine System,"Filters, Oils, Fluids and Other Service Parts",Oil Filter Adapter,,
Engine System,"Gaskets, O-Ring and Seals",Oil Filter Adapter O-Ring,,
Engine System,"Brackets, Clamps, Mountings and Straps ",Oil Filter Bracket,,
Engine System,"Gaskets, O-Ring and Seals",Oil Filter Mounting O-Ring,,
Electrical & Electronics System,Relays,Oil Level Relay,,
Electrical & Electronics System,Sensors and Senders,Oil Level Sensor,,
Engine System,Fluid containers,Oil Pan,,
Engine System,"Filters, Oils, Fluids and Other Service Parts",Oil Pan and Filter Kit,,
,Corks,Oil Pan Drain Plug,,
Engine System,"Gaskets, Orings and seals",Oil Pan Gasket,,
Engine System,"Gaskets, O-Ring and Seals",Oil Pressure Relief Valve Gasket,,
Electrical & Electronics System,Sensors and Senders,Oil Pressure Sensor,,
Electrical & Electronics System,Switches,Oil Pressure Switch,,
Engine System,Pumps,Oil Pump,,
Engine System,"Belts, Chains and Pulleys",Oil Pump Chain,,
Engine System,"Belts, Chains and Pulleys",Oil Pump Chain Tensioner,,
Engine System,"Gaskets, O-Ring and Seals",Oil Pump Cover Seal,,
Engine System,"Belts, Chains and Pulleys",Oil Pump Drive Gear,,
Engine System,"Shafts, Joints and Arms",Oil Pump Drive Shaft,,
Engine System,"Gaskets, Orings and seals",Oil Pump Gasket Kit,,
Transmission,Bearings and accessories,Oil Pump Housing Bearing,,
Transmission,Sleeves,Oil Pump Housing Repair Sleeve,,
Transmission,"Gaskets, O-Ring and Seals",Oil Pump Housing Seal,,
Engine System,"Gaskets, Orings and seals",Oil Pump O-Ring,,
Engine System,"Gaskets, Orings and seals",Oil Pump Seal,,
Engine System,"Gaskets, Orings and seals",Oil Pump Seal Kit,,
Engine System,"Belts, Chains and Pulleys",Oil Pump Sprocket,,
"Turbocharger, Supercharger and Ram Air",Pipes and tubes,Oil Return Tube,,
Engine System,Others,Oil Strainer,,
Engine System,Covers,Oil Strainer Cover,,
Engine System,"Gaskets, Orings and seals",Oil Strainer Gasket,,
Engine System,"Gaskets, Orings and seals",Oil Sump Gasket,,
Electrical & Electronics System,Sensors and Senders,Oil Temperature Sender,,
Electrical & Electronics System,Sensors and Senders,Oil Temperature Sensor,,
Electrical & Electronics System,Switches,Oil Temperature Switch,,
Electrical & Electronics System,Switches,Open Warning Switch,,
Transmission,Bearings and accessories,Output Shaft Bearing,,
Transmission,"Gaskets, Orings and seals",Output Shaft Seal,,
Transmission,Bearings and accessories,Output Shaft Thrust Bearing,,
"Doors, Windows, Boots and Bonets","Locks, Latch and Handles",Outside Door Handle ,,
Transmission,"Gaskets, O-Ring and Seals",Overhaul Kit,,
Electrical & Electronics System,Relays,Overload Protection Relay ,,
Electrical & Electronics System,Sensors and Senders,Oxygen Sensor ,,
Electrical & Electronics System,Sensors and Senders,Pad Electronic Wear Sensor,,
Electrical & Electronics System,Connectors,Panel Connector,,
Electrical & Electronics System,Switches,Panel Dimmer Switch,,
Electrical & Electronics System,Connectors,Panel Fuse Box Connector,,
Electrical & Electronics System,Connectors,Panel Harness Connector,,
Electrical & Electronics System,Lights and Bulbs,Panel Light Bulb,,
Electrical & Electronics System,Sensors and Senders,Parking Aid Sensor ,,
Brake System,Adjusters,Parking Brake Adjusting Screw Assembly,,
Brake System,Clips and pins,Parking Brake C-Clip,,
Brake System,"Brake pads, Discs and calipers",Parking Brake Pad Set,,
Brake System,"Locks, Latch and Handles",Parking Brake Release Handle,,
Brake System,Connectors,Parking Brake Switch Connector,,
Brake System,Lights and Bulbs,Parking Brake Warning Light,,
Electrical & Electronics System,Lights and Bulbs,Parking Light,,
Electrical & Electronics System,Lights and Bulbs,Parking Light Bulb,,
Transmission,Bearings and accessories,Pedal Bearing,,
Transmission,Bushes,Pedal Bushing,,
Transmission,Others,Pedal Pad,,
Electrical & Electronics System,Switches,Pedal Position Switch,,
Air Intake,Connectors,Pedal Position Switch Connector,,
Electrical & Electronics System,Sensors and Senders,Pedal Sensor,,
Clutch System,Bearings and accessories,Pilot Bearing,,
Clutch System,"Gaskets, Orings and seals",Pilot Bearing Seal,,
Clutch System,Bushes,Pilot Bushing,,
Transmission,Bearings and accessories,Pinion Bearing,,
Transmission,"Gaskets, Orings and Seals",Pinion Seal,,
Steering System,Bearings and accessories,Pinion Shaft Bearing,,
Transmission,Bearings and accessories,Pinion Shaft Bearing,,
Steering System,"Gaskets, Orings and seals",Pinion Shaft Seal,,
Exhaust System,"Gaskets, Orings and seals",Pipe Flange Gasket,,
Exhaust System,"Gaskets, O-Ring and Seals",Pipe to Manifold Gasket,,
Engine System,Pistons,Piston,,
Engine System,Pistons,Piston Kit,,
Engine System,Bushes,Piston Pin Bushing,,
Engine System,Bushes,Piston Pin Bushing Set,,
Engine System,Pistons,Piston Ring,,
Engine System,Pistons,Piston Ring Set,,
Engine System,Pistons,Piston Set,,
Steering System,Bearings and accessories,Pitman Shaft Bearing,,
"Doors, Windows, Boots and Bonets",Motors,Power Sliding Door Motor,,
"Doors, Windows, Boots and Bonets",Switches,Power Sliding Door Switch ,,
Steering System,Pumps,Power Steering Pump,,
Electrical & Electronics System,Motors,Power Window Motor,,
Electrical & Electronics System,Connectors,Power Window Motor Connector,,
Electrical & Electronics System,Motors,Power Window Motor Mount Repair Kit,,
Electrical & Electronics System,Relays,Power Window Relay,,
Electrical & Electronics System,Connectors,Power Window Relay Connector,,
Electrical & Electronics System,Connectors,Power Window Switch Connector,,
Clutch System,"Flywheel, Clutch and Pressure plate",Pressure Plate,,
Clutch System,Clutch and Clutch plate ,Pressure Plate and Disc Set,,
Fuel System,Sensors and Senders,Pressure Sensor,,
Engine System,"Belts, Chains and Pulleys",Pulley,,
Electrical & Electronics System,Relays,Pulse Wiper Relay ,,
Steering System,"Belts, Chains and Pulleys",Pump Belt,,
Steering System,"Belts, Chains and Pulleys",Pump Pulley,,
Electrical & Electronics System,Switches,Push Button Switch ,,
Fasteners,"Bolts, nuts and washers",Push Nut ,,
Engine System,Rods,Push Rod,,
Electrical & Electronics System,Adjusters,Push Rod Adjuster,,
Engine System,Rods,Push Rod Cover Grommet Set,,
Engine System,"Gaskets, O-Ring and Seals",Push Rod Tube Seal,,
Air conditioning system,"Filters, Oils, Fluids and Other Service Parts",R134A Refrigerant Oil ,,
Cooling System,Pipes and Hoses,Radiator Coolant Hose Kit,,
Cooling System,"Brackets, Clamps, Mountings and Straps ",Radiator Mount,,
Cooling System,Bushes,Radiator Mount Bushing,,
Cooling System,Radiator,Radiator Radiator,,
Cooling System,Caps,Radiator Radiator Cap,,
Electrical & Electronics System,Radio,Radio Antenna ,,
Electrical & Electronics System,Radio,Radio CD Player,,
Electrical & Electronics System,Radio,Radio Knob,,
Electrical & Electronics System,Radio,Radio System,,
Electrical & Electronics System,Sensors and Senders,Rain Sensor ,,
Charging System,Charging alternator Components,Rectifier Set,,
Air Conditioning System,Pipes and Hoses,Refrigerant Discharge Hose,,
Air Conditioning System,Pipes and Hoses,Refrigerant Suction Hose,,
Clutch System,Bearings and accessories,Release Bearing,,
Clutch System,Bearings and accessories,Release Bearing and Slave Cylinder Assembly,,
"Doors, Windows, Boots and Bonets",Wires and Cables ,Release Cable,,
Electrical & Electronics System,Sensors and Senders,Remote Tire Pressure Monitor ,,
Charging System,Charging alternator Components,Repair Kit,,
Steering System,"Containers, Tanks and Reservoirs",Reservoir,,
Steering System,Pipes and Hoses,Reservoir Line Hose,,
Seats,Switches,Ride Height Switch ,,
Engine System,"Shafts, Joints and Arms",Rocker Arm,,
Engine System,"Shafts, Joints and Arms",Rocker Arm Adjusting Screw,,
Engine System,"Shafts, Joints and Arms",Rocker Arm and Shaft Assembly,,
Engine System,"Shafts, Joints and Arms",Rocker Arm Ball,,
Engine System,"Shafts, Joints and Arms",Rocker Arm Ball Stud Assembly,,
Engine System,"Bolts, nuts and washers",Rocker Arm Bolt,,
Engine System,"Shafts, Joints and Arms",Rocker Arm Bridge,,
Engine System,Bushes,Rocker Arm Bushing,,
Engine System,"Shafts, Joints and Arms",Rocker Arm Kit,,
Engine System,"Bolts, nuts and washers",Rocker Arm Stud,,
Charging System,Charging alternator Components,Rotor,,
Brake System,Drums and Discs,Rotor,,
Brake System,Hubs,Rotor and Hub Assembly,,
Brake System,Others,Rotor Shim,,
Fuel System,Others,RPM Limiter,,
Electrical & Electronics System,Sensors and Senders,RPM Sensor,,
Engine System,"Gaskets, Orings and seals",Seal,,
Engine System,Spacers,Seal Spacer,,
Seats,"Locks, Latch and Handles",Seat Adjustment Handle,,
Seats,"Locks, Latch and Handles",Seat Adjustment Knob,,
Seats,"Locks, Latch and Handles",Seat Back Recliner Adjustment Handle,,
Seats,"Belts, Chains and Pulleys",Seat Belt Buckle Button Stop,,
Seats,"Belts, Chains and Pulleys",Seat Belt Light,,
Seats,Relays,Seat Belt Warning Relay,,
Seats,Control Module,Seat Control Module,,
Transmission,Bearings and accessories,Secondary Gear Bearing,,
Electrical & Electronics System,Switches,Selector Switch,,
Cooling System,Pipes and Hoses,Service Kit,,
Steering System,"Shafts, Joints and Arms",Steering Shaft,,
Steering System,Bearings and accessories,Shaft Bearing,,
Steering System,"Shafts, Joints and Arms",Shaft Universal Joint,,
Transmission,Bushes,Shift Bushing,,
Transmission,Wires and Cables ,Shift Cable,,
Transmission,Switches,Shift Control Switch,,
Transmission,Levers,Shift Fork,,
Transmission,Bushes,Shift Lever Bushing,,
Transmission,Bushes,Shift Rod Bushing,,
Transmission,Bearings and accessories,Shift Shaft Bearing,,
Transmission,Sleeves,Shift Shaft Repair Sleeve,,
Suspension System,Shocks Absorbers,Shock Absorber ,,
Suspension System,Bushes,Shock Absorber Bushing,,
Suspension System,"Brackets, Clamps, Mountings and Straps ",Shock Absorber Mounting Bolt,,
Suspension System,"Brackets, Clamps, Mountings and Straps ",Shock Mount Bracket,,
Engine System,"Gaskets, Orings and seals",Side Cover Gasket,,
Engine System,"Gaskets, Orings and seals",Side Cover Seal,,
Electrical & Electronics System,Lights and Bulbs,Side Marker Light ,,
Electrical & Electronics System,Lights and Bulbs,Side Marker Light Assembly,,
Electrical & Electronics System,Lights and Bulbs,Side Marker Light Bulb ,,
Electrical & Electronics System,Lights and Bulbs,Side Marker Light Socket ,,
"Doors, Windows, Boots and Bonets",Bearings and accessories,Side Sliding Door Roller ,,
"Doors, Windows, Boots and Bonets",Bearings and accessories,Side Sliding Door Roller Assembly ,,
"Doors, Windows, Boots and Bonets",Switches,Sliding Door Contact Assembly ,,
"Doors, Windows, Boots and Bonets","Locks, Latch and Handles",Sliding Window Latch ,,
Tires and Wheels ,Others,Spare Tire Carrier ,,
"Doors, Windows, Boots and Bonets","Locks, Latch and Handles",Spare Tire Compartment Cover Latch ,,
Electrical & Electronics System,Corks ,Spark Plug ,,
Electrical & Electronics System,Boot Rubber,Spark Plug Boot,,
Electrical & Electronics System,Connectors,Spark Plug Wire Connector,,
Electrical & Electronics System,Others,Spark Plug Wire Holder,,
Electrical & Electronics System,Wires and Cables,Spark Plug Wire Set,,
Electrical & Electronics System,Sensors and Senders,Speed Sensor,,
Suspension System,Stabilizer,Stabilizer Bar,,
Suspension System,Stabilizer,Stabilizer Bar Assembly,,
Suspension System,Bushes,Stabilizer Bar Bushing,,
Suspension System,Stabilizer,Stabilizer Bar Link,,
Suspension System,Bushes,Stabilizer Bar Link Bushing,,
Electrical & Electronics System,Relays,"Start, Run Relay ",,
Starting System,Bearings and accessories,Starter Bearing,,
Starting System,Starter component,Starter Brush,,
Starting System,Coils and Springs,Starter Brush Spring,,
Starting System,Bushes,Starter Bushing,,
Starting System,Wires and Cables ,Starter Cable,,
Electrical & Electronics System,Relays,Starter Cutoff Relay,,
Starting System,Motors,Starter Motor,,
Electrical & Electronics System,Relays,Starter Motor Control Relay,,
Air Intake,Connectors,Starter Motor Relay Connector,,
Electrical & Electronics System,Relays,Starter Relay,,
Electrical & Electronics System,Switches,Starter Safety Switch,,
Starting System,Solenoid,Starter Solenoid,,
Steering System,"Filters, Oils, Fluids and Other Service Parts",Steering Fluid,,
Steering System,Gears,Steering Gear,,
Steering System,"Shafts, Joints and Arms",Steering Idler Arm,,
Suspension System,Others,Strut,,
Suspension System,Springs and Coils,Strut and Coil Spring Assembly,,
Suspension System,Others,Strut Assembly,,
Suspension System,Others,Strut Assembly Kit,,
Suspension System,"Brackets, Clamps, Mountings and Straps ",Strut Bracket,,
Suspension System,Others,Strut Cartridge,,
Suspension System,Bearings and accessories,Strut Mount Bearing,,
Suspension System,"Brackets, Clamps, Mountings and Straps ",Strut Mount Bracket,,
Suspension System,Caps,Strut Mount Cap,,
Suspension System,Rods,Strut Rod Kit,,
Suspension System,"Locks, Latch and Handles",Strut Rod Lock Nut,,
Engine System,"Bolts, nuts and washers",Stud,,
Body,Connectors,Sunroof / Moonroof Connector ,,
Body,Motors,Sunroof Motor ,,
Body,Relays,Sunroof Relay ,,
Body,Connectors,Sunroof Relay Connector ,,
Body,Switches,Sunroof Switch ,,
Body,Connectors,Sunroof Switch Connector ,,
Body,Switches,Sunroof Switch Retaining Clip ,,
"Turbocharger, Supercharger and Ram Air",Others,Supercharger ,,
Electrical & Electronics System,Sensors and Senders,Supercharger Pressure Sensor ,,
Electrical & Electronics System,Switches,Switch Kit,,
Air Conditioning System,"Gaskets, O-Ring and Seals",System O-Ring and Gasket Kit,,
Electrical & Electronics System,Lights and Bulbs,Tail Light Assembly,,
Electrical & Electronics System,Lights and Bulbs,Tail Light Bulb,,
Electrical & Electronics System,Wires and Cables,Tail Light Harness,,
Electrical & Electronics System,Sensors and Senders,Tail Light Outage Sensor,,
Electrical & Electronics System,Relays,Tail Light Relay,,
Exhaust System,Pipes and Hoses,Tail Pipe Chrome Tip,,
Exhaust System,Pipes and Hoses,Tail Pipe Tip,,
Exhaust System,Pipes and Hoses,Tail Pipe with Muffler,,
"Doors, Windows, Boots and Bonets",Wires and Cables,Tailgate Release Cable,,
Electrical & Electronics System,Sensors and Senders,TDC Sensor ,,
Electrical & Electronics System,Relays,Temperature Control Relay ,,
Electrical & Electronics System,Sensors and Senders,Temperature Sensor,,
Electrical & Electronics System,Switches,Temperature Switch,,
Suspension System,Rods,Tension Rod,,
Suspension System,Bushes,Tension Rod Bushing,,
Charging System,Insulators,Terminal Protector,,
Electrical & Electronics System,Switches,Thermal Limiter Switch ,,
Suspension System,"Shafts, Joints and Arms",Thrust Arm and Ball Joint,,
Suspension System,Bushes,Thrust Arm Bushing,,
Steering System,Rods,Tie Rod,,
Steering System,Rods,Tie Rod Assembly,,
Steering System,Rods,Tie Rod End,,
Engine System,"Belts, Chains and Pulleys",Timing Belt,,
Engine System,"Belts, Chains and Pulleys",Timing Belt Component Kit,,
Engine System,"Belts, Chains and Pulleys",Timing Belt Guide,,
Engine System,"Belts, Chains and Pulleys",Timing Belt Idler,,
Engine System,"Belts, Chains and Pulleys",Timing Belt Idler Tensioner Shaft,,
Engine System,"Gaskets, Orings and seals",Timing Belt Kit with Seals,,
Engine System,"Belts, Chains and Pulleys",Timing Belt Tensioner,,
Engine System,"Belts, Chains and Pulleys",Timing Belt Tensioner Adjuster,,
Engine System,Gears,Timing Camshaft Gear,,
Engine System,Gears,Timing Camshaft Gear Spacer,,
Engine System,Timing Component,Timing Camshaft Sprocket,,
Engine System,"Belts, Chains and Pulleys",Timing Chain,,
Engine System,"Belts, Chains and Pulleys",Timing Chain Guide,,
Engine System,Timing Component,Timing Chain Kit,,
Engine System,Timing Component,Timing Cover,,
Engine System,"Gaskets, O-Ring and Seals",Timing Cover Dust Seal Set,,
Engine System,"Gaskets, Orings and seals",Timing Cover Gasket,,
Engine System,"Gaskets, Orings and seals",Timing Cover Gasket Set,,
Engine System,"Gaskets, Orings and seals",Timing Cover Seal,,
Engine System,"Gaskets, Orings and seals",Timing Cover Seal Kit,,
Engine System,Gears,Timing Crankshaft Gear,,
Engine System,Timing Component,Timing Gear Set,,
Engine System,Bearings and accessories,Timing Idler Bearing,,
Engine System,"Belts, Chains and Pulleys",Timing Idler Pulley,,
Transmission,Bearings and accessories,Transfer Shaft Bearing,,
Transmission,"Gaskets, Orings and seals",Transfer Shaft Seal,,
Electrical & Electronics System,Lights and Bulbs,Under Bonnet Light ,,
Transmission,"Shafts, Joints and Arms",Universal Joint ,,
Transmission,Clips and pins,Universal Joint C-clip,,
Transmission,"Shafts, Joints and Arms",Universal Joint Strap Kit,,
Vacuum ,Pipes and Hoses,Vacuum Hose,,
Vacuum ,Motors,Vacuum Motor,,
Vacuum ,Pumps,Vacuum Pump,,
Electrical & Electronics System,Relays,Vacuum Pump Relay,,
Vacuum ,"Containers, Tanks and Reservoirs",Vacuum Reservoir,,
Tires and Wheels ,valves,Valve,,
Engine System,Covers,Valve Cover Bolt Kit,,
Engine System,"Gaskets, Orings and seals",Valve Cover Gasket,,
Engine System,"Gaskets, Orings and seals",Valve Cover Gasket Set,,
Engine System,Covers,Valve Cover Repair Kit,,
Engine System,Valves,Valve Guide,,
Tires and Wheels ,Valves,Valve Kit,,
Engine System,Valves,Valve Seat,,
Engine System,Coils and Springs,Valve Spring,,
Engine System,Valves,Valve Spring Shim,,
Engine System,"Gaskets, Orings and seals",Valve Stem Seal Set,,
Electrical & Electronics System,Sensors and Senders,Vane Position Sensor,,
Electrical & Electronics System,Lights and Bulbs,Vanity Mirror Light Bulb ,,
Electrical & Electronics System,Sensors and Senders,Vehicle Speed Sensor ,,
"Turbocharger, Supercharger and Ram Air",Others,Vibration Dampener,,
Charging System,Regulators,Voltage Regulator ,,
Fasteners,"Bolts, nuts and washers",Washer ,,
"Doors, Windows, Boots and Bonets",Motors,Washer Fluid Pump Motor Connector,,
Wippers ,"Containers, Tanks and Reservoirs",Washer Fluid Reservoir,,
Wippers ,Pipes and Hoses,Washer Hose,,
Wippers ,Wipper Accessories,Washer Nozzle,,
Wippers ,Pumps,Washer Pump,,
Air Intake,Connectors,Washer Pump Connector,,
Electrical & Electronics System,Connectors,Washer Pump Connector,,
Air Intake,Connectors,Washer Pump Motor Connector,,
Electrical & Electronics System,Relays,Washer Pump Relay ,,
Electrical & Electronics System,Relays,Washer Relay,,
Electrical & Electronics System,Connectors,Washer Relay Connector,,
Electrical & Electronics System,Switches,Washer Switch,,
Wippers ,Switches,Washer Switch Lever,,
Air Intake,Connectors,Water in Fuel Sensor Connector ,,
Cooling System,Pumps,Water Pump,,
Cooling System,Pumps,Water Pump Assembly,,
Engine System,"Gaskets, O-Ring and Seals",Water Pump Backing Plate Gasket,,
Engine System,"Gaskets, Orings and seals",Water Pump Gasket,,
Engine System,"Gaskets, O-Ring and Seals",Water Pump Housing Gasket,,
Engine System,"Gaskets, O-Ring and Seals",Water Pump Housing O-Ring,,
Cooling System,"Gaskets, Orings and seals",Water Pump O-Ring,,
Cooling System,"Belts, Chains and Pulleys",Water Pump Pulley,,
Fuel System,"Filters, Oils, Fluids and Other Service Parts",Water Separator Filter,,
Tires and Wheels ,Bearings and accessories,Wheel Bearing,,
Tires and Wheels ,Bearings and accessories,Wheel Bearing and Hub Assembly,,
Tires and Wheels ,"Gaskets, O-Ring and Seals",Wheel Bearing and Seal Kit,,
Tires and Wheels ,Caps,Wheel Cap,,
Tires and Wheels ,Hubs,Wheel Hub,,
Tires and Wheels ,Covers,Wheel Nut Cover,,
Tires and Wheels ,Others,Wheel Trim Ring,,
Electrical & Electronics System,Sensors and Senders,Wideband Oxygen Sensor ,,
"Doors, Windows, Boots and Bonets",Relays,Window Relay,,
"Doors, Windows, Boots and Bonets","Gaskets, Orings and seals",Window Seal,,
"Doors, Windows, Boots and Bonets",Switches,Window Switch,,
"Doors, Windows, Boots and Bonets",Connectors,Window Switch Connector,,
"Doors, Windows, Boots and Bonets",Connectors,Window Switch Illuminate Lamp Connector,,
"Doors, Windows, Boots and Bonets",Connectors,Wiper and Washer Switch Connector,,
Wippers ,Connectors,Wiper and Washer Switch Connector,,
Wippers ,Wipper Accessories,Wiper Arm,,
Wippers ,Wipper Accessories,Wiper Arm Cover,,
Wippers ,Wipper Accessories,Wiper Blade,,
Wippers ,Wipper Accessories,Wiper Blade Set,,
Wippers ,"Locks, Latch and Handles",Wiper Control Knob,,
Wippers ,Connectors,Wiper Control Module Connector,,
Wippers ,Wipper Accessories,Wiper Linkage,,
Electrical & Electronics System,Motors,Wiper Motor,,
Wippers ,Motors,Wiper Motor,,
"Doors, Windows, Boots and Bonets",Connectors,Wiper Motor Connector,,
Electrical & Electronics System,Relays,Wiper Motor Relay,,
Wippers ,Relays,Wiper Motor Relay,,
Electrical & Electronics System,Relays,Wiper Relay,,
Wippers ,Switches,Wiper Switch,,
Transmission,Relays,Wiring Harness Relay,,
Exhaust System,Pipes and Hoses,Y Pipe,,
,,,,
,,,,
,,,,
,,,,
,,,,
,,,,
,,,,
,,,,
,,,,
,,,,
,,,,
,,,,
,,,,
,,,,
,,,,
,,,,
,,,,
,,,,
